x_aperture	y_aperture	name_aperture	x_energy	y_energy	name_energy	x_walden	y_walden	name_walden	x_schreier	y_schreier	name_schreier		
56.5	100000	VLSI	91.5	162500	VLSI	40000	5289.397683	VLSI	40000	156.3811664	VLSI		
64	25000000	VLSI	24.03	1562.5	VLSI	8000000000	120228.9466	VLSI	8000000000	109.0854998	VLSI		
53.5	25000000	VLSI	58.5	2517.48	VLSI	14300000	3661.708319	VLSI	14300000	141.4800354	VLSI		
58.4	64000000	VLSI	43.3	1800	VLSI	100000000	15068.34396	VLSI	100000000	127.736975	VLSI		
84.9	2500000	VLSI	53	43750	VLSI	8000000	119873.3784	VLSI	8000000	123.5799195	VLSI		
89	1250000	VLSI	45	1900	VLSI	500000000	13077.90416	VLSI	500000000	129.202164	VLSI		
81	1000	VLSI	33.5	400	VLSI	50000000	10349.08232	VLSI	50000000	124.4691001	VLSI		
75	200000	VLSI	42.3	1650	VLSI	100000000	15498.22447	VLSI	100000000	127.1148606	VLSI		
44.1	62600000	VLSI	78	25000	VLSI	2000000	3850.881282	VLSI	2000000	151.0103	VLSI		
62	200000	VLSI	68	8095.24	VLSI	105000000	3943.660992	VLSI	105000000	145.9074038	VLSI		
110	48000	VLSI	40.2	880	VLSI	125000000	10526.67315	VLSI	125000000	127.7448733	VLSI		
96	20000	VLSI	45	600	VLSI	30000000	4129.864472	VLSI	30000000	134.2081875	VLSI		
75	100000	VLSI	67	11764.71	VLSI	51000000	6430.666762	VLSI	51000000	143.2838893	VLSI		
62	16000	VLSI	31	175	VLSI	400000000	6037.989528	VLSI	400000000	125.5593196	VLSI		
65.4	10000000	VLSI	54.92	1800	VLSI	100000000	3955.283735	VLSI	100000000	139.353575	VLSI		
55	20000000	VLSI	55	9000	VLSI	1000000	19587.41984	VLSI	1000000	132.4472749	VLSI		
58	20000000	VLSI	85.7	150000	VLSI	1000000	9520.79061	VLSI	1000000	150.9287875	VLSI		
67	5000000	VLSI	78.4	8518.52	VLSI	540000	1253.089815	VLSI	540000	156.0860593	VLSI		
43.3	37500000	VLSI	77.4	12000	VLSI	500000	1980.634579	VLSI	500000	153.5978876	VLSI		
31	175000000	VLSI	76	10000	VLSI	400000	1939.233419	VLSI	400000	152.9897	VLSI		
29.2	200000000	VLSI	55	400	VLSI	10000000	870.5519929	VLSI	10000000	145.9691001	VLSI		
88	20000	VLSI	61	2916.67	VLSI	24000000	3181.20477	VLSI	24000000	143.3408321	VLSI		
84	100000	VLSI	72	92500	VLSI	400000	28430.97478	VLSI	400000	139.3282827	VLSI		
71	9000000	VLSI	55	18500	VLSI	2000000	40263.02967	VLSI	2000000	129.3179828	VLSI		
63.5	200000	VLSI	52	14800	VLSI	2500000	45499.9989	VLSI	2500000	127.2870829	VLSI		
66	40000	VLSI	30	247.5	VLSI	4000000000	9581.521815	VLSI	4000000000	123.053948	VLSI		
71	62500	VLSI	40	345	VLSI	600000000	4223.0727	VLSI	600000000	131.6115091	VLSI		
48.7	12500000	VLSI	60.39	6666.67	VLSI	180000000	7796.085317	VLSI	180000000	139.1454126	VLSI		
54.1	20000000	VLSI	57.2	580	VLSI	50000000	979.8323059	VLSI	50000000	146.5554201	VLSI		
58.7	10000000	VLSI	55	3000	VLSI	4000000	6529.139947	VLSI	4000000	137.2184875	VLSI		
34.9	250000000	VLSI	69	1643.75	VLSI	16000	713.6754067	VLSI	16000	153.8313424	VLSI		
27.5	100000000	VLSI	88	7400	VLSI	1000000	360.4143004	VLSI	1000000	166.2973828	VLSI		
75	50000000	VLSI	22.5	130	VLSI	6000000000	11935.48336	VLSI	6000000000	118.3502665	VLSI		
66	20000000	VLSI	58.8	8100	VLSI	10000000	11381.53419	VLSI	10000000	136.7048499	VLSI		
70	32500000	VLSI	56.5	1175	VLSI	80000000	2151.617735	VLSI	80000000	142.7893214	VLSI		
64	25000000	VLSI	70.4	1685	VLSI	20000000	622.6699323	VLSI	20000000	155.123701	VLSI		
44.3	40000000	VLSI	60	767.94	VLSI	41670	939.8018319	VLSI	41670	148.1364353	VLSI		
73.1	10000000	VLSI	56	1000	VLSI	10000000	1939.678447	VLSI	10000000	142.9897	VLSI		
89	1250000	VLSI	33.7	131.25	VLSI	800000000	3318.487344	VLSI	800000000	129.5087069	VLSI		
84	1250000	VLSI	41.5	300	VLSI	100000000	3089.749307	VLSI	100000000	133.7184875	VLSI		
77	200000	VLSI	44.5	750	VLSI	40000000	5468.249276	VLSI	40000000	132.7390874	VLSI		
70	2000000	VLSI	33.6	150	VLSI	800000000	3836.477106	VLSI	800000000	128.8287875	VLSI		
51	5000000	VLSI	26	12	VLSI	500000000	736.3096056	VLSI	500000000	132.1978876	VLSI		
84	189000	VLSI	89	31250	VLSI	48000	1356.486056	VLSI	48000	161.0411998	VLSI		
87	2000000	VLSI	84	10800	VLSI	1000000	833.708023	VLSI	1000000	160.6554625	VLSI		
35	650000000	VLSI	63	1904.3	VLSI	40960000	1649.793226	VLSI	40960000	147.1923535	VLSI		
35.8	550000000	VLSI	76	3850000	VLSI	2000000	746604.8662	VLSI	2000000	127.1350927	VLSI		
57.1	50000000	VLSI	48.11	124.76	VLSI	1350000000	600	VLSI	1350000000	144.1428779	VLSI		
67	27000000	VLSI	31.18	28	VLSI	3500000000	946.2620898	VLSI	3500000000	133.6981197	VLSI		
72.8	37500000	VLSI	40.89	41.82	VLSI	1100000000	462.0299991	VLSI	1100000000	141.6660486	VLSI		
74	20000000	VLSI	36	115.45	VLSI	22000000	2239.960857	VLSI	22000000	132.3655897	VLSI		
39.1	1000000000	VLSI	70.7	3400	VLSI	30000000	1213.767241	VLSI	30000000	152.3749109	VLSI		
31.9	660000000	VLSI	62	400	VLSI	40000000	388.8300627	VLSI	40000000	152.9691001	VLSI		
36	225000000	VLSI	48.1	230	VLSI	10000000	1107.890757	VLSI	10000000	141.4724217	VLSI		
56.8	1000000	VLSI	67	4240	VLSI	15000000	2317.612301	VLSI	15000000	147.7160415	VLSI		
54	15000000	VLSI	63	350	VLSI	16000	303.2235345	VLSI	16000	154.5490196	VLSI		
55	10000000	VLSI	84	25600	VLSI	2500000	1976.196795	VLSI	2500000	156.9073004	VLSI		
56.2	1000000	VLSI	86.3	38000	VLSI	1000000	2250.93193	VLSI	1000000	157.4918641	VLSI		
81	330000	VLSI	60	960	VLSI	40000000	1174.84627	VLSI	40000000	147.1669877	VLSI		
48	3840000	VLSI	44.2	375	VLSI	800000000	2830.217443	VLSI	800000000	135.4493874	VLSI		
82	2000000	VLSI	70	2500	VLSI	100000000	967.3864308	VLSI	100000000	153.0103	VLSI		
70	2000000	VLSI	33.67	15	VLSI	800000000	380.7433108	VLSI	800000000	138.8947875	VLSI		
88	962000	VLSI	30	4.34	VLSI	1750000000	168.1259816	VLSI	1750000000	140.6119446	VLSI		
49	2000000	VLSI	32	64	VLSI	5000000000	1968.01905	VLSI	5000000000	130.9279003	VLSI		
33	11000000	VLSI	32.4	155.34	VLSI	10300000000	4561.735382	VLSI	10300000000	127.4768725	VLSI		
67	8000	VLSI	95	17400	VLSI	50000	378.516368	VLSI	50000	169.5842076	VLSI		
68.2	10000	VLSI	84	10500	VLSI	200000	810.5494668	VLSI	200000	160.7778071	VLSI		
70	25000000	VLSI	61	833.33	VLSI	3840000	908.9156487	VLSI	3840000	148.7815125	VLSI		
79	1000000	VLSI	68	2086.96	VLSI	23000000	1016.677821	VLSI	23000000	151.794566	VLSI		
68	8000	VLSI	47.7	28.8	VLSI	50000000	145.2658682	VLSI	50000000	150.0957752	VLSI		
45.2	2000000	VLSI	54.3	211.92	VLSI	26000000	499.9383603	VLSI	26000000	148.0279175	VLSI		
105	20000	VLSI	64	367.2	VLSI	50000000	283.5257783	VLSI	50000000	155.3406733	VLSI		
64	1920000	VLSI	65.9	560	VLSI	250000000	347.4308978	VLSI	250000000	155.4078198	VLSI		
83	1230000	VLSI	62.5	266	VLSI	20000000	244.1063007	VLSI	20000000	155.2408837	VLSI		
83	1100000	VLSI	65	340	VLSI	20000000	233.9719599	VLSI	20000000	156.6749109	VLSI		
75.5	1000000	VLSI	56.3	300	VLSI	30000000	562.1464857	VLSI	30000000	148.5184875	VLSI		
50	20000000	VLSI	75.4	3600	VLSI	10000000	748.0585258	VLSI	10000000	156.826675	VLSI		
29.5	6000000000	VLSI	52	9.2	VLSI	100000000	28.2837831	VLSI	100000000	159.3518218	VLSI		
30	1000000000	VLSI	32	4.8	VLSI	50000000	147.6014288	VLSI	50000000	142.1772877	VLSI		
58.2	40000000	VLSI	63	324.55	VLSI	11000000	281.1709138	VLSI	11000000	154.8769447	VLSI		
52	75000000	VLSI	53.8	13	VLSI	100000	32.4850885	VLSI	100000	159.6502665	VLSI		
67	37500000	VLSI	33.6	18.52	VLSI	2700000000	473.6391489	VLSI	2700000000	137.9136376	VLSI		
72.8	35000000	VLSI	24.5	6.78	VLSI	7670000000	494.4184557	VLSI	7670000000	133.1776202	VLSI		
79	12000000	VLSI	39	215	VLSI	40000000	2952.928323	VLSI	40000000	132.6653154	VLSI		
63	10000000	VLSI	53.8	140	VLSI	80000000	349.8394146	VLSI	80000000	149.3284197	VLSI		
72	12500000	VLSI	82	7000	VLSI	400000	680.2964908	VLSI	400000	160.5387196	VLSI		
77	1100000	VLSI	76	2600	VLSI	1000000	504.2006888	VLSI	1000000	158.8399666	VLSI		
50.9	1920000	VLSI	75	900	VLSI	4000000	195.8292582	VLSI	4000000	162.4472749	VLSI		
81	20000	VLSI	72	612.5	VLSI	8000000	188.2591573	VLSI	8000000	161.1186391	VLSI		
76	1100000	VLSI	58	212.5	VLSI	40000000	327.4000257	VLSI	40000000	151.7161107	VLSI		
72	2500000	VLSI	64	190	VLSI	60000000	146.7045149	VLSI	60000000	158.202164	VLSI		
65	1000000	VLSI	25.1	6.75	VLSI	12000000000	459.3962834	VLSI	12000000000	133.7966623	VLSI		
45.8	800000000	VLSI	28	27.19	VLSI	16000000000	1325.069108	VLSI	16000000000	130.6460073	VLSI		
46.9	300000000	VLSI	63.16	62	VLSI	100000000	52.70911614	VLSI	100000000	162.2297831	VLSI		
51	110000000	VLSI	64.37	70	VLSI	50000000	51.80671858	VLSI	50000000	162.9067196	VLSI		
45.4	75000000	VLSI	60.29	9.8	VLSI	10000000	11.59937102	VLSI	10000000	167.3674393	VLSI		
47.5	62500000	VLSI	54.07	10.2	VLSI	150000000	24.69730183	VLSI	150000000	160.9774983	VLSI		
20	13000000000	VLSI	73.7	1303.13	VLSI	10666666.67	329.3272165	VLSI	10666666.67	159.5398393	VLSI		
31	300000000	VLSI	63	700	VLSI	40000000	606.447069	VLSI	40000000	151.5387196	VLSI		
72	20000000	VLSI	73.3	2192.31	VLSI	3900000	580.1563467	VLSI	3900000	156.880685	VLSI		
74	10000000	VLSI	41	1021.88	VLSI	160000000	11148.1359	VLSI	160000000	127.8957223	VLSI		
75	25000000	VLSI	78	729.17	VLSI	3840000	112.3173707	VLSI	3840000	166.361432	VLSI		
73.6	5000000	VLSI	51	166.67	VLSI	3000000000	574.9146864	VLSI	3000000000	145.7712125	VLSI		
72.6	40000000	VLSI	56	133.33	VLSI	300000000	258.6237929	VLSI	300000000	151.7403127	VLSI		
55.9	40000000	VLSI	33.06	16.92	VLSI	1300000000	460.3873171	VLSI	1300000000	137.7689068	VLSI		
61	15000000	VLSI	50	125	VLSI	320000000	483.8042165	VLSI	320000000	146.0205999	VLSI		
81	24000	VLSI	40	16	VLSI	1000000000	195.8526469	VLSI	1000000000	144.9485002	VLSI		
51	2000000	VLSI	60.3	35.1	VLSI	31250	41.5	VLSI	31250	161.8363022	VLSI		
63	1940000	VLSI	45.1	2.78	VLSI	31250	18.93447475	VLSI	31250	157.6470077	VLSI		
100	1000000	VLSI	46.91	1.09	VLSI	1100000	6.026478249	VLSI	1100000	163.5218144	VLSI		
73.5	10000000	VLSI	44.5	2.83	VLSI	40000000	20.5923297	VLSI	40000000	156.9815155	VLSI		
97	20000	VLSI	30	165.71	VLSI	210000000	6415.333509	VLSI	210000000	124.7961006	VLSI		
102	20000	VLSI	38.9	26.5	VLSI	1000000000	368.1805292	VLSI	1000000000	141.6572413	VLSI		
52.6	6000000	VLSI	59.1	268.75	VLSI	16000000	364.8066671	VLSI	16000000	151.7962153	VLSI		
55	25000000	VLSI	33.1	3.67	VLSI	3000000000	99.33796835	VLSI	3000000000	144.4469857	VLSI		
53.7	62500000	VLSI	50	370	VLSI	20000	1432.060481	VLSI	20000	141.3076828	VLSI		
47.3	100000000	VLSI	52.4	32.9	VLSI	1000000000	96.59253759	VLSI	1000000000	154.2177411	VLSI		
71	2000000	VLSI	61.5	86.67	VLSI	30000000	89.23894527	VLSI	30000000	159.1111791	VLSI		
63	428000	VLSI	48.2	15.93	VLSI	2800000000	75.84822681	VLSI	2800000000	153.1679318	VLSI		
86	600000	VLSI	42.75	3.8	VLSI	1000000000	33.89060775	VLSI	1000000000	153.9418641	VLSI		
74	600000	VLSI	43.3	6	VLSI	750000000	50.23938106	VLSI	750000000	152.5061875	VLSI		
70	1000000	VLSI	52.94	16.4	VLSI	500000000	45.24690055	VLSI	500000000	157.7812616	VLSI		
68.8	23000000	VLSI	56.3	1.7	VLSI	100000	3.185496752	VLSI	100000	170.9852108	VLSI		
74	20000000	VLSI	70	128.5	VLSI	20000000	49.72366254	VLSI	20000000	165.9006688	VLSI		
76	8500000	VLSI	70.7	810	VLSI	10000000	289.1621956	VLSI	10000000	158.6048499	VLSI		
90	200000	VLSI	67	1233.33	VLSI	30000000	674.1482323	VLSI	30000000	153.0788953	VLSI		
78	2200000	VLSI	70	520	VLSI	75000000	201.2163776	VLSI	75000000	159.8296666	VLSI		
76	1100000	VLSI	75.1	216.67	VLSI	60000000	46.60437338	VLSI	60000000	168.731779	VLSI		
74	25000	VLSI	69	700	VLSI	50000000	303.9226067	VLSI	50000000	157.5387196	VLSI		
80	10000	VLSI	66	423.33	VLSI	30000000	259.6344874	VLSI	30000000	156.7228754	VLSI		
76.3	3200000	VLSI	58.5	94.75	VLSI	4000	137.815004	VLSI	4000	155.7239079	VLSI		
57.7	32000000	VLSI	73.9	410	VLSI	10000000	101.2568487	VLSI	10000000	164.7618615	VLSI		
54.6	25000000	VLSI	50	92.59	VLSI	5400000000	358.3734937	VLSI	5400000000	147.3239376	VLSI		
62.6	20000000	VLSI	75.9	148	VLSI	20000000	29.03302582	VLSI	20000000	171.1870829	VLSI		
54	4000000	VLSI	65.2	91.14	VLSI	70000000	61.29238745	VLSI	70000000	162.5924737	VLSI		
65	50000	VLSI	57.6	57.5	VLSI	200000000	92.76616702	VLSI	200000000	156.9930216	VLSI		
66	50000000	VLSI	52.2	23.75	VLSI	800000000	71.35300832	VLSI	800000000	155.4330639	VLSI		
57.2	25000000	VLSI	36.98	3.98	VLSI	8800000000	68.9302546	VLSI	8800000000	147.9738463	VLSI		
67	20000000	VLSI	30.9	1.7	VLSI	5000000000	59.33401355	VLSI	5000000000	145.5852108	VLSI		
23.8	625000000	VLSI	44.2	2.22	VLSI	24576000	16.76756428	VLSI	24576000	157.7228856	VLSI		
33.8	500000000	VLSI	55	5.22	VLSI	410000000	11.35964186	VLSI	410000000	164.8134009	VLSI		
22	2000000000	VLSI	27	7.93	VLSI	10000000000	433.6580621	VLSI	10000000000	134.9969682	VLSI		
20	11000000000	VLSI	98.6	6104	VLSI	5000000	87.72674251	VLSI	5000000	177.7335548	VLSI		
33	300000000	VLSI	53.7	0.8	VLSI	250000	2.022232972	VLSI	250000	171.6588002	VLSI		
52	500000000	VLSI	72	200	VLSI	30000000	61.4723779	VLSI	30000000	165.9794001	VLSI		
69	20000000	VLSI	37.4	5.2	VLSI	820000000	85.78634494	VLSI	820000000	147.2337426	VLSI		
63	10000000	VLSI	64	380	VLSI	100000000	293.4090298	VLSI	100000000	155.1918641	VLSI		
82	200000	VLSI	67.5	143.75	VLSI	160000000	74.17888358	VLSI	160000000	162.9136215	VLSI		
82	614000	VLSI	90	17530.43	VLSI	1197916.667	678.1925532	VLSI	1197916.667	164.5517732	VLSI		
46.3	10000000	VLSI	67.2	252.94	VLSI	17000000	135.1118587	VLSI	17000000	160.1595047	VLSI		
83	960000	VLSI	65	11.5	VLSI	200000000	7.913757469	VLSI	200000000	171.3827216	VLSI		
51.4	40000000	VLSI	60.1	25.24	VLSI	210000000	30.53274749	VLSI	210000000	163.0691343	VLSI		
56.5	80000000	VLSI	67.1	80	VLSI	100000000	43.227928	VLSI	100000000	165.0588002	VLSI		
57	15000000	VLSI	65.3	31	VLSI	160000000	20.6084389	VLSI	160000000	167.3760831	VLSI		
55	103000000	VLSI	46.9	1.2	VLSI	100000	6.636763294	VLSI	100000	163.0978876	VLSI		
40.3	100000000	VLSI	68.1	61.43	VLSI	70000000	29.58284005	VLSI	70000000	167.2059959	VLSI		
54	103000000	VLSI	58	9.66	VLSI	12500000	14.87705717	VLSI	12500000	165.1417275	VLSI		
54	400000000	VLSI	68	17	VLSI	200000000	8.281688083	VLSI	200000000	172.6852108	VLSI		
53.3	20000000	VLSI	29.7	3.52	VLSI	25000000000	141.0598598	VLSI	25000000000	141.2242734	VLSI		
28.4	125000000	VLSI	40	0.3	VLSI	80000000	3.67223713	VLSI	80000000	162.2184875	VLSI		
40	75000000	VLSI	25.2	8.28	VLSI	46000000000	557.2503504	VLSI	46000000000	133.0080286	VLSI		
54.4	500000	VLSI	64.9	152	VLSI	150000000	105.8105525	VLSI	150000000	160.0712642	VLSI		
58	50000	VLSI	71.5	540	VLSI	100000000	175.8110908	VLSI	100000000	161.1657624	VLSI		
72.2	50000000	VLSI	75.3	360	VLSI	20000000	75.67215035	VLSI	20000000	166.726675	VLSI		
59	50000000	VLSI	67.7	158.97	VLSI	78000000	80.16753412	VLSI	78000000	162.6764292	VLSI		
27.6	875000000	VLSI	66.9	65.63	VLSI	80000000	36.286472	VLSI	80000000	165.7190069	VLSI		
81	20000	VLSI	69.1	64	VLSI	4000000	27.46910068	VLSI	4000000	168.0279003	VLSI		
77	200000	VLSI	80.5	316	VLSI	10000000	36.50015824	VLSI	10000000	172.4928292	VLSI		
81	2500000	VLSI	85	2520.83	VLSI	48000	173.4320572	VLSI	48000	167.9742587	VLSI		
64	20000000	VLSI	97.99	9275	VLSI	4000	142.9994727	VLSI	4000	175.3065609	VLSI		
82	10000000	VLSI	96.8	17300	VLSI	2000	305.8951212	VLSI	2000	171.409239	VLSI		
81	8000000	VLSI	74.3	87.5	VLSI	4000000	20.63700219	VLSI	4000000	171.8696195	VLSI		
76.5	20000	VLSI	67.6	110.83	VLSI	120000000	56.53824664	VLSI	120000000	164.1429961	VLSI		
64.7	10000000	VLSI	31.5	10	VLSI	28000000000	325.725542	VLSI	28000000000	138.4897	VLSI		
32	450000000	VLSI	75	1300	VLSI	1000	282.8644841	VLSI	1000	160.8502665	VLSI		
22.8	12000000000	VLSI	69.1	1205	VLSI	200000	517.1916612	VLSI	200000	155.2798296	VLSI		
59.9	60000000	VLSI	65	23.56	VLSI	1600000000	16.2146009	VLSI	1600000000	168.2674864	VLSI		
38.4	150000000	VLSI	60.8	18.25	VLSI	800000000	20.36895234	VLSI	800000000	165.1770714	VLSI		
32	200000	VLSI	74.12	58.5	VLSI	20000	14.08624767	VLSI	20000	173.4381414	VLSI		
34	1100000000	VLSI	58.71	0.31	VLSI	600000	0.442533953	VLSI	600000	180.7619965	VLSI		
56.5	498000000	VLSI	29.39	9.21	VLSI	10312500000	382.5004616	VLSI	10312500000	136.7379036	VLSI		
27	400000000	VLSI	29	0.96	VLSI	24000000000	41.62755147	VLSI	24000000000	146.1745341	VLSI		
43	300000000	VLSI	50.3	5.13	VLSI	1600000000	19.16249308	VLSI	1600000000	160.1927613	VLSI		
53	233000000	VLSI	58	460	VLSI	5000000000	708.7247614	VLSI	5000000000	148.3621217	VLSI		
77	62500000	VLSI	74.4	210	VLSI	20000000	48.96179754	VLSI	20000000	168.1675071	VLSI		
68.8	50000000	VLSI	68.6	43.67	VLSI	12000000	19.85258204	VLSI	12000000	169.1881996	VLSI		
58.2	25000000	VLSI	64	746.79	VLSI	312000000	576.6219968	VLSI	312000000	152.2576868	VLSI		
62	25000000	VLSI	88.5	1375	VLSI	40000	63.22233061	VLSI	40000	174.1066731	VLSI		
49.4	300000	VLSI	64	11.88	VLSI	303000000	9.173810208	VLSI	303000000	170.2411013	VLSI		
78.1	20000000	VLSI	56.6	12	VLSI	500000000	21.7224095	VLSI	500000000	162.7978876	VLSI		
79.1	2000000	VLSI	56.3	23.67	VLSI	600000000	44.34711165	VLSI	600000000	159.5483291	VLSI		
60	20000000	VLSI	73.2	23	VLSI	100000000	6.15703857	VLSI	100000000	176.5724217	VLSI		
65	2000000	VLSI	69.1	48	VLSI	50000000	20.60182551	VLSI	50000000	169.2772877	VLSI		
31.6	5000000000	VLSI	80	272.38	VLSI	525000	33.32628393	VLSI	525000	172.6379327	VLSI		
77.5	125000000	VLSI	69.1	2.55	VLSI	200000	1.09447198	VLSI	200000	182.0242982	VLSI		
75.2	80000000	VLSI	84.8	1262.5	VLSI	80000	88.88277926	VLSI	80000	170.7773862	VLSI		
31.1	1100000000	VLSI	60.45	11	VLSI	300000000	12.78204236	VLSI	300000000	167.0257732	VLSI		
77.8	4500000	VLSI	50.1	5.2	VLSI	2000000000	19.89584924	VLSI	2000000000	159.9296666	VLSI		
53.9	50000000	VLSI	100	5675	VLSI	2000000	69.41868276	VLSI	2000000	179.4500414	VLSI		
69.5	5000000	VLSI	78	1018.75	VLSI	16000000	156.9234122	VLSI	16000000	164.9090238	VLSI		
80	6250000	VLSI	40.7	10.5	VLSI	2000000000	118.5755845	VLSI	2000000000	147.4778071	VLSI		
67.1	22500000	VLSI	66.6	31	VLSI	1000000	17.74347249	VLSI	1000000	168.6760831	VLSI		
52.5	20000000	VLSI	54.56	1.05	VLSI	20000	2.403954338	VLSI	20000	171.3378071	VLSI		
56.6	25000000	VLSI	45	2.42	VLSI	950000000	16.66436541	VLSI	950000000	158.1496577	VLSI		
56	50000000	VLSI	45	3.64	VLSI	1100000000	25.02948165	VLSI	1100000000	156.383027	VLSI		
48.4	5120000	VLSI	57	128.2	VLSI	5000000000	221.6219555	VLSI	5000000000	152.9108198	VLSI		
25.2	18000000000	VLSI	94.1	1416.67	VLSI	48000	34.18279541	VLSI	48000	179.5770233	VLSI		
48.5	1300000000	VLSI	70.4	46.4	VLSI	25000000	17.1465192	VLSI	25000000	170.7245202	VLSI		
59	500000000	VLSI	77.1	180	VLSI	25000000	30.7536814	VLSI	25000000	171.536975	VLSI		
59	400000000	VLSI	96.6	22160	VLSI	1250000	400.956446	VLSI	1250000	170.1340025	VLSI		
75	40000000	VLSI	100.8	13750	VLSI	40000	153.3942974	VLSI	40000	176.4066731	VLSI		
40.4	200000000	VLSI	91.3	32500	VLSI	200	1082.5232	VLSI	200	163.1708664	VLSI		
55	10000	VLSI	37.8	6.22	VLSI	32000000000	98.06714291	VLSI	32000000000	146.8526691	VLSI		
65	125000000	VLSI	75.8	61.6	VLSI	25000000	12.22395649	VLSI	25000000	174.8938929	VLSI		
63.5	25000000	VLSI	103	56000	VLSI	500	484.9350574	VLSI	500	172.5078198	VLSI		
78.2	1040000	VLSI	62.1	19.5	VLSI	200000000	18.73846264	VLSI	200000000	166.1893539	VLSI		
61	10000	VLSI	56.36	0.19	VLSI	200000	0.353518007	VLSI	200000	180.563564	VLSI		
84	50000	VLSI	48.5	5.8	VLSI	5000000000	26.68057001	VLSI	5000000000	157.8554201	VLSI		
70	20000000	VLSI	49.8	38	VLSI	30000000	150.5026785	VLSI	30000000	150.9918641	VLSI		
58	24000000	VLSI	106.4	15450	VLSI	40000	90.44969304	VLSI	40000	181.5004152	VLSI		
74	150000000	VLSI	103.5	48000	VLSI	500000	392.4047906	VLSI	500000	173.6772877	VLSI		
78	4000000	VLSI	71.4	53.33	VLSI	60000000	17.56514482	VLSI	60000000	171.1197128	VLSI		
67.5	25000000	VLSI	77.5	40	VLSI	80000000	6.526533988	VLSI	80000000	178.4691001	VLSI		
70.9	36000000	VLSI	29.4	5.36	VLSI	28000000000	222.2263263	VLSI	28000000000	139.1003678	VLSI		
60.6	60000000	VLSI	59.5	10.9	VLSI	1000000000	14.12989058	VLSI	1000000000	166.1154351	VLSI		
25.8	10000000000	VLSI	56.3	14	VLSI	100000000	26.23350267	VLSI	100000000	161.8284197	VLSI		
76.8	10000000	VLSI	45.47	2.55	VLSI	1000000000	16.63651714	VLSI	1000000000	158.3894982	VLSI		
57	100000000	VLSI	106.5	11000	VLSI	40000	63.66061069	VLSI	40000	183.0757732	VLSI		
56	125000000	VLSI	86.1	2310	VLSI	10000000	140.0205379	VLSI	10000000	169.4535802	VLSI		
62	11000000	VLSI	74.4	104	VLSI	100000000	24.24774735	VLSI	100000000	171.2193667	VLSI		
54.2	40000000	VLSI	63.6	9.2	VLSI	250000000	7.438402917	VLSI	250000000	170.9518218	VLSI		
58.3	2000000	VLSI	59.6	39.33	VLSI	12000000	50.40487651	VLSI	12000000	160.6420925	VLSI		
70.4	15000000	VLSI	32.5	8.75	VLSI	20000000000	254.0123812	VLSI	20000000000	140.0696195	VLSI		
29.2	5000000000	VLSI	83	420	VLSI 2021	80000	36.37847576	VLSI 2021	80000	173.7572071	VLSI 2021		
73.6	18000000	VLSI	71.5	72.73	VLSI 2021	2200000	23.67826139	VLSI 2021	2200000	169.872727	VLSI 2021		
62.6	20000	VLSI	37.04	63.33	VLSI 2021	600000000	1090.075447	VLSI 2021	600000000	136.0133766	VLSI 2021		
69.1	25000000	VLSI	62.3	5.6	VLSI 2021	500000000	5.258796634	VLSI 2021	500000000	171.8078198	VLSI 2021		
81.9	667	VLSI	38.8	6.47	VLSI 2021	20000000000	90.86235131	VLSI 2021	20000000000	147.6840148	VLSI 2021		
119.8	12.5	VLSI	42.4	3.25	VLSI 2021	8000000000	30.1773337	VLSI 2021	8000000000	154.2708664	VLSI 2021		
54.3	250000	VLSI	59.28	19.2	VLSI 2021	1000000000	25.52787271	VLSI 2021	1000000000	163.4366878	VLSI 2021		
73.3	30000000	VLSI	57.75	204	VLSI 2021	1000	323.6318142	VLSI 2021	1000	151.6393984	VLSI 2021		
51.5	100000	VLSI	56.54	60000	ISSCC	200000	109339.8037	ISSCC	200000	125.7501875	ISSCC		
32.5	5000000000	VLSI	64	6000	ISSCC	50000000	4632.774155	ISSCC	50000000	143.2081875	ISSCC		
50	1800000000	VLSI	53.53	3400	ISSCC	50000000	8762.35722	ISSCC	50000000	135.2069109	ISSCC		
61	1000000000	VLSI	58.4	44531.25	ISSCC	128000000	65521.32445	ISSCC	128000000	128.9030512	ISSCC		
39.3	600000000	VLSI	84.9	26000	ISSCC	5000000	1809.502089	ISSCC	5000000	157.7399666	ISSCC		
51.2	450000000	VLSI	89	220000	ISSCC	2500000	9549.661832	ISSCC	2500000	152.5654732	ISSCC		
71.3	40000000	VLSI	81	275000	ISSCC	2000	29987.33471	ISSCC	2000	143.5963731	ISSCC		
69.7	16000	VLSI	75	180000	ISSCC	400000	39165.85164	ISSCC	400000	139.436975	ISSCC		
55.6	100000	VLSI	44.1	11182.11	ISSCC	125200000	85371.46628	ISSCC	125200000	120.604463	ISSCC		
59.3	2000	VLSI	62	325000	ISSCC	400000	315924.426	ISSCC	400000	123.8708664	ISSCC		
66	40000000	VLSI	110	7916666.67	ISSCC	96000	30619.84833	ISSCC	96000	158.0042765	ISSCC		
56.3	50000000	VLSI	96	57500	ISSCC	40000	1114.803383	ISSCC	40000	165.3930216	ISSCC		
73.1	25000000	VLSI	75	48000	ISSCC	200000	10444.2271	ISSCC	200000	145.1772877	ISSCC		
33	19900000000	VLSI	62	1250	ISSCC	32000	1215.093946	ISSCC	32000	148.0205999	ISSCC		
30.7	10000000000	VLSI	65.4	12500	ISSCC	20000000	8214.722855	ISSCC	20000000	141.4205999	ISSCC		
33.8	4800000000	VLSI	55	14125	ISSCC	40000000	30741.36725	ISSCC	40000000	130.4898155	ISSCC		
51.4	500000000	VLSI	58	16250	ISSCC	40000000	25036.47255	ISSCC	40000000	132.8811664	ISSCC		
48	750000000	VLSI	67	26500	ISSCC	10000000	14485.07688	ISSCC	10000000	139.7572413	ISSCC		
37.4	1100000000	VLSI	43.3	933.33	ISSCC	75000000	7813.215385	ISSCC	75000000	130.5893323	ISSCC		
74.4	2000000	VLSI	31	642.86	ISSCC	350000000	22180.36969	ISSCC	350000000	119.9085553	ISSCC		
72.6	45700000	VLSI	29.2	500	ISSCC	400000000	21224.29532	ISSCC	400000000	119.2	ISSCC		
68	500000000	VLSI	88	25125	ISSCC	40000	1223.703959	ISSCC	40000	160.9886393	ISSCC		
30.3	5000000000	VLSI	84	9000	ISSCC	200000	694.7566858	ISSCC	200000	161.4472749	ISSCC		
100.6	100	VLSI	71	18000	ISSCC	18000000	6207.65404	ISSCC	18000000	145.436975	ISSCC		
74.6	50000000	VLSI	63.5	150000	ISSCC	400000	122682.7858	ISSCC	400000	128.7287875	ISSCC		
90.4	2200000	VLSI	66	225000	ISSCC	80000	137994.7079	ISSCC	80000	129.4678749	ISSCC		
56.5	40000	VLSI	71	128000	ISSCC	125000	44143.31761	ISSCC	125000	136.9176003	ISSCC		
65.7	125000000	VLSI	48.72	7800	ISSCC	25000000	34999.403	ISSCC	25000000	126.784754	ISSCC		
74.4	17400000	VLSI	54.13	1625	ISSCC	40000000	3907.440765	ISSCC	40000000	139.0151664	ISSCC		
64	250000000	VLSI	58.7	3750	ISSCC	20000000	5330.249702	ISSCC	20000000	139.9493874	ISSCC		
57.3	50000	VLSI	34.87	800	ISSCC	500000000	17677.66953	ISSCC	500000000	122.8288002	ISSCC		
70.9	25000000	VLSI	27.5	660	ISSCC	500000000	34073.41648	ISSCC	500000000	116.2942607	ISSCC		
64.1	3200000	VLSI	75	12500	ISSCC	100000000	2719.850808	ISSCC	100000000	151.0205999	ISSCC		
57.1	400000000	VLSI	66	20000	ISSCC	40000000	12266.19626	ISSCC	40000000	139.9794001	ISSCC		
56.1	790000000	VLSI	70	6615.38	ISSCC	65000000	2559.853324	ISSCC	65000000	148.7841491	ISSCC		
30.8	2500000000	VLSI	64	17000	ISSCC	50000000	13126.19344	ISSCC	50000000	138.6852108	ISSCC		
46.1	2350000000	VLSI	44.3	3125	ISSCC	80000000	23315.14168	ISSCC	80000000	126.3411998	ISSCC		
51.2	880000000	VLSI	73.1	36000	ISSCC	20000000	9748.707437	ISSCC	20000000	144.526675	ISSCC		
37	8000000000	VLSI	89	118000	ISSCC	2500000	5122.091346	ISSCC	2500000	155.27088	ISSCC		
75.3	5000000	VLSI	84	108000	ISSCC	2500000	8337.08023	ISSCC	2500000	150.6554625	ISSCC		
77	2500000	VLSI	77	25000	ISSCC	400000	4320.809436	ISSCC	400000	150.0103	ISSCC		
72.2	1000000	VLSI	70	27500	ISSCC	4000000	10641.25074	ISSCC	4000000	142.5963731	ISSCC		
98.5	6000	VLSI	51	1350	ISSCC	10000000	4656.80896	ISSCC	10000000	136.6863624	ISSCC		
64.8	70000000	VLSI	84	13227.51	ISSCC	378000	1021.100361	ISSCC	378000	159.774918	ISSCC		
65.3	30000000	VLSI	87	37500	ISSCC	4000000	2049.304742	ISSCC	4000000	158.2493874	ISSCC		
98.3	1000	VLSI	35	419.23	ISSCC	1300000000	9126.14839	ISSCC	1300000000	125.7651685	ISSCC		
116	110	VLSI	35.77	272.73	ISSCC	1100000000	5431.36631	ISSCC	1100000000	128.4054143	ISSCC		
101	1000	VLSI	57.12	1800	ISSCC	100000000	3068.998418	ISSCC	100000000	141.556975	ISSCC		
34.6	500000000	VLSI	67	5462.96	ISSCC	54000000	2986.09202	ISSCC	54000000	146.6154175	ISSCC		
64.4	50000000	VLSI	72.8	4240	ISSCC	75000000	1188.53476	ISSCC	75000000	153.5160415	ISSCC		
55.5	182000000	VLSI	74	21500	ISSCC	40000000	5249.023438	ISSCC	40000000	147.6653154	ISSCC		
56	1900000000	VLSI	39.08	1150	ISSCC	4000000000	15642.70543	ISSCC	4000000000	125.4667216	ISSCC		
50.6	1300000000	VLSI	31.86	257.58	ISSCC	1320000000	8049.242424	ISSCC	1320000000	124.7406502	ISSCC		
58	265000000	VLSI	36	111.11	ISSCC	450000000	2155.692864	ISSCC	450000000	132.5321251	ISSCC		
74	203	VLSI	56.8	1950	ISSCC	120000000	3449.533487	ISSCC	120000000	140.8893539	ISSCC		
57.3	1900000000	VLSI	54	533.33	ISSCC	30000000	1302.382144	ISSCC	30000000	143.7197128	ISSCC		
66	1000000000	VLSI	55	600	ISSCC	20000000	1305.827989	ISSCC	20000000	144.2081875	ISSCC		
40.1	1200000000	VLSI	56.2	10900	ISSCC	2000000	20661.18572	ISSCC	2000000	132.8154351	ISSCC		
49	3820000000	VLSI	81	75757.58	ISSCC	660000	8260.97375	ISSCC	660000	149.1954394	ISSCC		
55	4000000000	VLSI	48	4947.92	ISSCC	7680000	24109.70952	ISSCC	7680000	128.0454763	ISSCC		
48.3	500	VLSI	82	25500	ISSCC	4000000	2478.222931	ISSCC	4000000	154.9242982	ISSCC		
58.9	2000000	VLSI	70	825	ISSCC	4000000	319.2375222	ISSCC	4000000	157.8251606	ISSCC		
79.7	5000000	VLSI	88	119542.62	ISSCC	1924000	5822.279674	ISSCC	1924000	154.2144724	ISSCC		
80.4	15000000	VLSI	49	725	ISSCC	4000000	3148.492226	ISSCC	4000000	137.38632	ISSCC		
71.9	40000000	VLSI	33	20.91	ISSCC	22000000	573.0328144	ISSCC	22000000	136.7863485	ISSCC		
63.5	165000000	VLSI	67	6250	ISSCC	16000	3416.291718	ISSCC	16000	146.0308999	ISSCC		
50.1	750000000	VLSI	68.2	1428.57	ISSCC	21000000	680.097082	ISSCC	21000000	153.6406804	ISSCC		
70.8	37500000	VLSI	70	14300	ISSCC	50000000	5533.450384	ISSCC	50000000	145.4363397	ISSCC		
61.1	80000000	VLSI	79	16500	ISSCC	2000000	2265.161038	ISSCC	2000000	153.8148606	ISSCC		
37.6	8000000000	VLSI	68	6250	ISSCC	16000	3044.738266	ISSCC	16000	147.0308999	ISSCC		
37.7	100000000	VLSI	45.2	325	ISSCC	4000000	2186.084343	ISSCC	4000000	137.0708664	ISSCC		
79.8	50000000	VLSI	105	1375000	ISSCC	40000	9457.759963	ISSCC	40000	160.6066731	ISSCC		
93.5	1000	VLSI	64	546.88	ISSCC	3840000	422.258061	ISSCC	3840000	153.6108193	ISSCC		
79	625000	VLSI	83	1666.67	ISSCC	2460000	144.3590308	ISSCC	2460000	167.7712125	ISSCC		
86.6	100000	VLSI	83	28181.82	ISSCC	2200000	2440.979975	ISSCC	2200000	155.49001	ISSCC		
118.1	1000	VLSI	75.5	2350	ISSCC	2000000	482.7257215	ISSCC	2000000	158.7790214	ISSCC		
73.6	135000	VLSI	50	1325	ISSCC	40000000	5128.324695	ISSCC	40000000	135.7675413	ISSCC		
101.5	1000	VLSI	29.45	500	ISSCC	20000000000	20617.31111	ISSCC	20000000000	119.452	ISSCC		
60	3000	VLSI	30	155	ISSCC	2000000000	6000.549015	ISSCC	2000000000	125.0863831	ISSCC		
50.3	5000	VLSI	58.23	862.5	ISSCC	80000000	1294.487152	ISSCC	80000000	145.859709	ISSCC		
34.2	20000000000	VLSI	52	820	ISSCC	150000000	2520.945885	ISSCC	150000000	139.8515615	ISSCC		
60.8	7000	VLSI	67	3866.67	ISSCC	75000000	2113.545809	ISSCC	75000000	148.1163327	ISSCC		
66.2	500	VLSI	72.8	14285.71	ISSCC	70000000	4006.341919	ISSCC	70000000	148.2366804	ISSCC		
61.7	1600000000	VLSI	79	3125	ISSCC	24000000	429.0077723	ISSCC	24000000	161.0411998	ISSCC		
60	500000000	VLSI	63	6120	ISSCC	20000000	5302.080089	ISSCC	20000000	142.1221858	ISSCC		
58.5	2400000000	VLSI	72	8000	ISSCC	25000000	2458.895116	ISSCC	25000000	149.9588002	ISSCC		
71.7	1000000	VLSI	77.01	2727.27	ISSCC	2200000	470.8186132	ISSCC	2200000	159.6424143	ISSCC		
71	10000000	VLSI	50.9	351.56	ISSCC	3840000	1226.754602	ISSCC	3840000	142.4296746	ISSCC		
60.2	300000000	VLSI	81	3500	ISSCC	40000	381.6569872	ISSCC	40000	162.5490196	ISSCC		
88	4000000	VLSI	76	6818.18	ISSCC	2200000	1322.204604	ISSCC	2200000	154.6530143	ISSCC		
32	14000000000	VLSI	72	30000	ISSCC	5000000	9220.856686	ISSCC	5000000	144.2184875	ISSCC		
56.9	5000000	VLSI	65	1035	ISSCC	2000000	712.2381722	ISSCC	2000000	151.8402965	ISSCC		
45.2	2500000000	VLSI	45.8	793.13	ISSCC	1600000000	4978.77159	ISSCC	1600000000	133.7962836	ISSCC		
66.6	9.96	VLSI	46.91	333.33	ISSCC	600000000	1841.423909	ISSCC	600000000	138.6709126	ISSCC		
70.4	6000000	VLSI	51	613.64	ISSCC	220000000	2116.731346	ISSCC	220000000	140.1105892	ISSCC		
74	7000000	VLSI	45.4	473.33	ISSCC	150000000	3111.355572	ISSCC	150000000	135.6380291	ISSCC		
76.6	6000000	VLSI	47.51	168	ISSCC	125000000	865.9270664	ISSCC	125000000	142.2486072	ISSCC		
64.9	10000000	VLSI	20	95	ISSCC	40000000000	11631.41956	ISSCC	40000000000	117.212464	ISSCC		
72.6	18000000	VLSI	31	16.67	ISSCC	600000000	575.0466217	ISSCC	600000000	135.7712125	ISSCC		
78.8	150	VLSI	72	9850	ISSCC	40000000	3027.514612	ISSCC	40000000	149.0553377	ISSCC		
39.3	10000000	VLSI	74	11650	ISSCC	20000000	2844.238281	ISSCC	20000000	150.3264408	ISSCC		
101.9	2000	VLSI	75	15600	ISSCC	50000000	3394.373809	ISSCC	50000000	150.0584541	ISSCC		
99.4	12000	VLSI	73.6	11200	ISSCC	10000000	2863.255264	ISSCC	10000000	150.0975198	ISSCC		
90.5	40000	VLSI	72.6	9437.5	ISSCC	80000000	2707.09809	ISSCC	80000000	149.8411304	ISSCC		
87.6	100000	VLSI	55.94	412.5	ISSCC	80000000	805.6640625	ISSCC	80000000	146.7754605	ISSCC		
83.8	625000	VLSI	61	11666.67	ISSCC	30000000	12724.81908	ISSCC	30000000	137.3202321	ISSCC		
75.2	2000000	VLSI	81	20833.33	ISSCC	48000	2271.767781	ISSCC	48000	154.8021124	ISSCC		
67.5	168000	VLSI	51	525	ISSCC	4000000	1810.981262	ISSCC	4000000	140.788107	ISSCC		
91	22.1	VLSI	63	309.28	ISSCC	3880000	267.9442131	ISSCC	3880000	155.0862048	ISSCC		
48	800000000	VLSI	100	237500	ISSCC	2000000	2905.187164	ISSCC	2000000	163.2330639	ISSCC		
40.1	5000000000	VLSI	73.5	12000	ISSCC	20000000	3103.3002	ISSCC	20000000	149.6978876	ISSCC		
34.2	1650000000	VLSI	97	450000	ISSCC	40000	7775.672571	ISSCC	40000	157.4575749	ISSCC		
71.7	50000000	VLSI	102	925000	ISSCC	40000	8987.569672	ISSCC	40000	159.3282827	ISSCC		
69	19100000	VLSI	52.6	275	ISSCC	12000000	789.0043089	ISSCC	12000000	145.1963731	ISSCC		
58	800000000	VLSI	55	700	ISSCC	50000000	1523.465988	ISSCC	50000000	143.5387196	ISSCC		
76.2	40000000	VLSI	53.7	320	ISSCC	125000000	808.8931888	ISSCC	125000000	145.6382003	ISSCC		
80.4	10000	VLSI	47.3	150	ISSCC	200000000	792.2538317	ISSCC	200000000	142.5287875	ISSCC		
54.1	33	VLSI	71	750	ISSCC	4000000	258.6522516	ISSCC	4000000	159.2390874	ISSCC		
35.1	19400000000	VLSI	63	4088.79	ISSCC	856000	3542.33101	ISSCC	856000	143.8737572	ISSCC		
100.6	24000	VLSI	86	4500	ISSCC	1200000	275.9260944	ISSCC	1200000	166.4575749	ISSCC		
100.9	24000	VLSI	74	5000	ISSCC	1200000	1220.703125	ISSCC	1200000	154	ISSCC		
67.5	10000000	VLSI	70	2350	ISSCC	2000000	909.3432449	ISSCC	2000000	153.2790214	ISSCC		
80.9	3000000	VLSI	68.8	934.78	ISSCC	46000000	415.314014	ISSCC	46000000	156.0825938	ISSCC		
55.3	300000000	VLSI	74	500	ISSCC	40000000	122.0703125	ISSCC	40000000	164	ISSCC		
33.4	450000000	VLSI	76	22058.82	ISSCC	17000000	4277.720776	ISSCC	17000000	149.5538766	ISSCC		
93.3	0.05	VLSI	90	525000	ISSCC	400000	20310.45407	ISSCC	400000	149.788107	ISSCC		
86.7	3000	VLSI	78	1159.09	ISSCC	4400000	178.5408594	ISSCC	4400000	164.348525	ISSCC		
84.8	100000	VLSI	76	2454.55	ISSCC	2200000	475.9936573	ISSCC	2200000	159.0899893	ISSCC		
75.7	18000000	VLSI	74	6000	ISSCC	50000	1464.84375	ISSCC	50000	153.2081875	ISSCC		
66.3	12000000	VLSI	80	10000	ISSCC	20000	1223.517417	ISSCC	20000	156.9897	ISSCC		
75	2000000	VLSI	76.3	3712.5	ISSCC	6400000	695.4966688	ISSCC	6400000	157.5930354	ISSCC		
78.8	55600000	VLSI	57.75	343.75	ISSCC	64000000	545.3354712	ISSCC	64000000	149.373273	ISSCC		
94.2	500	VLSI	54.6	360	ISSCC	50000000	820.425625	ISSCC	50000000	146.026675	ISSCC		
92.3	500	VLSI	62.56	750	ISSCC	40000000	683.3737731	ISSCC	40000000	150.8010874	ISSCC		
57.5	1000	VLSI	54	312.5	ISSCC	8000000	763.1145376	ISSCC	8000000	146.0411998	ISSCC		
49.9	5000	VLSI	65	250	ISSCC	100000	172.0382058	ISSCC	100000	158.0103	ISSCC		
91.5	20000	VLSI	66	2240	ISSCC	100000000	1373.813981	ISSCC	100000000	149.4872199	ISSCC		
24	4000000000	VLSI	57.2	300	ISSCC	50000000	506.8098134	ISSCC	50000000	149.4184875	ISSCC		
58.5	7150000	VLSI	67	6700	ISSCC	40000000	3662.264721	ISSCC	40000000	145.728952	ISSCC		
43.3	50000000	VLSI	23.8	2.02	ISSCC	1250000000	159.3605096	ISSCC	1250000000	137.7447948	ISSCC		
53	4000000	VLSI	33.8	55	ISSCC	1000000000	1374.684528	ISSCC	1000000000	133.3860731	ISSCC		
45	250000000	VLSI	22	22.25	ISSCC	4000000000	2163.860036	ISSCC	4000000000	125.5163999	ISSCC		
33.5	25000000	VLSI	20	136.36	ISSCC	22000000000	16695.81754	ISSCC	22000000000	115.6427143	ISSCC		
42.3	50000000	VLSI	33	8.83	ISSCC	600000000	242.085602	ISSCC	600000000	140.5284539	ISSCC		
78	1000000	VLSI	52	250	ISSCC	1000000000	768.5810625	ISSCC	1000000000	145.0103	ISSCC		
68	52500000	VLSI	69	1400	ISSCC	40000000	607.8452133	ISSCC	40000000	154.5284197	ISSCC		
40.2	62500000	VLSI	63	1025	ISSCC	20000000	888.0117796	ISSCC	20000000	149.8824614	ISSCC		
45	15000000	VLSI	82	3600	ISSCC	400000	349.8667667	ISSCC	400000	163.426675	ISSCC		
67	25500000	VLSI	82	2524.43	ISSCC	1228000	245.337264	ISSCC	1228000	164.9680668	ISSCC		
31	200000000	VLSI	46.31	14.5	ISSCC	20000000	85.85113365	ISSCC	20000000	151.68402	ISSCC		
54.9	50000000	VLSI	83	13200	ISSCC	5000000	1143.323524	ISSCC	5000000	158.7839607	ISSCC		
55	500000	VLSI	51.4	81.25	ISSCC	80000000	267.6554125	ISSCC	80000000	149.2914663	ISSCC		
85.7	500000	VLSI	56.54	525	ISSCC	160000000	956.7232823	ISSCC	160000000	146.330107	ISSCC		
78.4	270000	VLSI	57	156.67	ISSCC	30000000	270.8328629	ISSCC	30000000	152.039934	ISSCC		
77.4	250000	VLSI	55	297.56	ISSCC	205000000	647.6057508	ISSCC	205000000	147.2539403	ISSCC		
76	200000	VLSI	40.29	42.5	ISSCC	200000000	503.2652662	ISSCC	200000000	140.9938107	ISSCC		
55	5000000	VLSI	54	451.22	ISSCC	205000000	1101.862942	ISSCC	205000000	144.4458213	ISSCC		
61	12000000	VLSI	54	437.5	ISSCC	800000000	1068.360353	ISSCC	800000000	144.5799195	ISSCC		
72	200000	VLSI	53.3	20.5	ISSCC	40000000	54.26215709	ISSCC	40000000	157.1721614	ISSCC		
55	1000000	VLSI	28.4	4.8	ISSCC	250000000	223.4130302	ISSCC	250000000	138.5772877	ISSCC		
52	1250000	VLSI	40	0.89	ISSCC	150000000	10.89430349	ISSCC	150000000	157.4958	ISSCC		
30	2000000000	VLSI	54.4	1.9	ISSCC	1000000	4.430893518	ISSCC	1000000	168.602164	ISSCC		
40	300000000	VLSI	58	36	ISSCC	100000	55.46541611	ISSCC	100000	159.426675	ISSCC		
60.4	90000000	VLSI	72.2	2300	ISSCC	100000000	690.8390159	ISSCC	100000000	155.5724217	ISSCC		
57.2	25000000	VLSI	59	45	ISSCC	100000000	61.79129624	ISSCC	100000000	159.4575749	ISSCC		
55	2000000	VLSI	27.55	1.26	ISSCC	1750000000	64.52917744	ISSCC	1750000000	143.5458537	ISSCC		
69	8000	VLSI	81	900	ISSCC	40000	98.14036815	ISSCC	40000	168.4472749	ISSCC		
88	500000	VLSI	77	2375	ISSCC	400000	410.4768964	ISSCC	400000	160.2330639	ISSCC		
22.5	3000000000	VLSI	81	3000	ISSCC	5000000	327.1345605	ISSCC	5000000	163.2184875	ISSCC		
58.8	5000000	VLSI	64	697.5	ISSCC	40000000	538.5599955	ISSCC	40000000	152.5542579	ISSCC		
56.5	40000000	VLSI	82	5000	ISSCC	20000000	485.9260648	ISSCC	20000000	162	ISSCC		
70.4	10000000	VLSI	81	3125	ISSCC	16000000	340.7651672	ISSCC	16000000	163.0411998	ISSCC		
60	20800	VLSI	76.5	30000	ISSCC	40000	5492.231695	ISSCC	40000	148.7184875	ISSCC		
56	5000000	VLSI	64.7	435	ISSCC	20000000	309.8672285	ISSCC	20000000	155.3048075	ISSCC		
33.7	400000000	VLSI	32	25.6	ISSCC	1250000000	787.2076202	ISSCC	1250000000	134.9073004	ISSCC		
41.5	50000000	VLSI	22.83	50	ISSCC	24000000000	4419.417382	ISSCC	24000000000	122.83	ISSCC		
44.5	20000000	VLSI	59.9	900	ISSCC	200000000	1114.17348	ISSCC	200000000	147.3472749	ISSCC		
33.6	400000000	VLSI	38.4	113.33	ISSCC	300000000	1667.919543	ISSCC	300000000	134.8461234	ISSCC		
26	250000000	VLSI	32	4.15	ISSCC	400000	127.6137353	ISSCC	400000	142.8092191	ISSCC		
89	24000	VLSI	34	22.73	ISSCC	2200000000	555.1197543	ISSCC	2200000000	137.4242268	ISSCC		
84	500000	VLSI	56.5	1205.38	ISSCC	995540000	2207.241131	ISSCC	995540000	142.6784747	ISSCC		
63	20500000	VLSI	27	2.46	ISSCC	800000000	134.6636794	ISSCC	800000000	140.0759377	ISSCC		
76	1000000	VLSI	43	50	ISSCC	600000000	433.2758861	ISSCC	600000000	143	ISSCC		
48.1	675000000	VLSI	53	110	ISSCC	500000000	301.395923	ISSCC	500000000	149.5757732	ISSCC		
31.2	1750000000	VLSI	77	3080	ISSCC	125000000	532.3237225	ISSCC	125000000	159.1041929	ISSCC		
40.9	550000000	VLSI	68.8	1300	ISSCC	100000000	577.5762334	ISSCC	100000000	154.6502665	ISSCC		
36	11000000	VLSI	58.2	198	ISSCC	50000000	298.115096	ISSCC	50000000	152.2230481	ISSCC		
70.7	15000000	VLSI	62	90	ISSCC	50000000	87.48676411	ISSCC	50000000	159.4472749	ISSCC		
62	20000000	VLSI	49.4	23.33	ISSCC	600000	96.76970363	ISSCC	600000	152.7099322	ISSCC		
48.1	5000000	VLSI	78.1	2175	ISSCC	40000000	331.1912729	ISSCC	40000000	161.7151074	ISSCC		
67	7500000	VLSI	79.07	1130	ISSCC	4000000	153.8839173	ISSCC	4000000	165.5289156	ISSCC		
63	8000	VLSI	60	262.5	ISSCC	40000000	321.247027	ISSCC	40000000	152.798407	ISSCC		
84	1250000	VLSI	65	1707.5	ISSCC	4000000	1175.020946	ISSCC	4000000	149.6660929	ISSCC		
86.3	500000	VLSI	31.6	37.86	ISSCC	10300000000	1219.210515	ISSCC	10300000000	132.8074262	ISSCC		
60	20000000	VLSI	77.5	3400	ISSCC	250000000	554.755389	ISSCC	250000000	159.1749109	ISSCC		
44.2	400000000	VLSI	75.2	10125	ISSCC	160000000	2152.926011	ISSCC	160000000	152.1357497	ISSCC		
70	50000000	VLSI	31.1	1.18	ISSCC	2200000000	40.30922754	ISSCC	2200000000	147.3641934	ISSCC		
33.7	400000000	VLSI	77.8	1888.89	ISSCC	9000000	297.7333814	ISSCC	9000000	162.0276359	ISSCC		
30	875000000	VLSI	53.9	45	ISSCC	100000000	111.1610697	ISSCC	100000000	154.3575749	ISSCC		
32	2500000000	VLSI	69.5	840	ISSCC	10000000	344.3037557	ISSCC	10000000	157.2469072	ISSCC		
32.4	5150000000	VLSI	80	8400	ISSCC	12500000	1027.75463	ISSCC	12500000	157.7469072	ISSCC		
95	25000	VLSI	67.09	67.11	ISSCC	45000000	36.30520651	ISSCC	45000000	165.8117558	ISSCC		
84	100000	VLSI	52.5	30.25	ISSCC	40000000	87.79556103	ISSCC	40000000	154.6824463	ISSCC		
61	1920000	VLSI	56.6	16.4	ISSCC	50000000	29.68729298	ISSCC	50000000	161.4412616	ISSCC		
68	11500000	VLSI	56	11.3	ISSCC	100000000	21.91836645	ISSCC	100000000	162.4589156	ISSCC		
47.7	25000000	VLSI	48.4	6.74	ISSCC	10240000	31.35571746	ISSCC	10240000	157.1042087	ISSCC		
54.3	13000000	VLSI	25.24	37.5	ISSCC	40000000000	2511.969053	ISSCC	40000000000	126.4873874	ISSCC		
64	25000000	VLSI	48.5	184.62	ISSCC	2600000000	849.2489126	ISSCC	2600000000	142.8270211	ISSCC		
65.9	125000000	VLSI	59	575	ISSCC	1000000000	789.555452	ISSCC	1000000000	148.3930216	ISSCC		
62.5	10000000	VLSI	59	131.25	ISSCC	800000000	180.224614	ISSCC	800000000	154.8087069	ISSCC		
65	10000000	VLSI	75	1250	ISSCC	80000000	271.9850808	ISSCC	80000000	161.0205999	ISSCC		
56.3	15000000	VLSI	40.4	10	ISSCC	400000000	116.8981046	ISSCC	400000000	147.3897	ISSCC		
75.4	5000000	VLSI	55	10.3	ISSCC	20000	22.41671382	ISSCC	20000	161.8613278	ISSCC		
52	50000000	VLSI	65	1024	ISSCC	250000000	704.6684911	ISSCC	250000000	151.8867005	ISSCC		
32	16000000	VLSI	63.5	160	ISSCC	50000000	130.8616382	ISSCC	50000000	158.4485002	ISSCC		
63	5500000	VLSI	78.2	1392	ISSCC	2083333.333	209.5358606	ISSCC	2083333.333	163.7533077	ISSCC		
53.8	50000	VLSI	61	375	ISSCC	20000	409.0120419	ISSCC	20000	152.2493874	ISSCC		
33.6	1350000000	VLSI	84	1400	ISSCC	100000	108.0732622	ISSCC	100000	169.5284197	ISSCC		
24.5	3840000000	VLSI	70	500	ISSCC	40000000	193.4772862	ISSCC	40000000	160	ISSCC		
39	20000000	VLSI	58	249.99	ISSCC	48001920.08	385.1610937	ISSCC	48001920.08	151.0104737	ISSCC		
53.8	40000000	VLSI	74	1833.33	ISSCC	300000075	447.5910339	ISSCC	300000075	158.3572868	ISSCC		
82	200000	VLSI	78	800	ISSCC	20000000	123.228201	ISSCC	20000000	165.9588002	ISSCC		
76	500000	VLSI	67.5	170	ISSCC	50000000	87.72459275	ISSCC	50000000	162.1852108	ISSCC		
75	2000000	VLSI	70.9	208.33	ISSCC	72000000	72.67988993	ISSCC	72000000	164.7021124	ISSCC		
72	4000000	VLSI	60.6	166.67	ISSCC	120000000	190.3511783	ISSCC	120000000	155.3712125	ISSCC		
58	20000000	VLSI	25.84	20	ISSCC	25000000000	1250	ISSCC	25000000000	129.8194001	ISSCC		
64	30000000	VLSI	76.8	255	ISSCC	20000000	45.09893445	ISSCC	20000000	169.7242982	ISSCC		
25.1	8000000000	VLSI	57	26.85	ISSCC	200000000	46.41614278	ISSCC	200000000	159.7002571	ISSCC		
28	3000000000	VLSI	56	6.8	ISSCC	250000000	13.18981344	ISSCC	250000000	164.6646109	ISSCC		
63.2	50000000	VLSI	61.96	36.64	ISSCC	22000000	35.77769886	ISSCC	22000000	163.3105764	ISSCC		
64.4	25000000	VLSI	54.2	74.94	ISSCC	80000000	178.8289841	ISSCC	80000000	152.442708	ISSCC		
60.3	5000000	VLSI	58.35	4.36	ISSCC	4000000	6.453636943	ISSCC	4000000	168.9428352	ISSCC		
54.1	75000000	VLSI	70.4	84.67	ISSCC	30000000	31.28747039	ISSCC	30000000	168.1125754	ISSCC		
73.7	5330000	VLSI	29.2	13.9	ISSCC	10000000000	590.0354099	ISSCC	10000000000	134.759552	ISSCC		
63	20000000	VLSI	73.6	108.33	ISSCC	36000000	27.6951774	ISSCC	36000000	170.242079	ISSCC		
73.3	1950000	VLSI	62.56	2.43	ISSCC	40000	2.2095752	ISSCC	40000	175.7045826	ISSCC		
41	80000000	VLSI	69.1	84	ISSCC	50000000	36.05319464	ISSCC	50000000	166.8469072	ISSCC		
78	1920000	VLSI	81.89	15000	ISSCC	1333.333333	1475.679377	ISSCC	1333.333333	157.1227869	ISSCC		
51	1500000000	VLSI	119.82	252000	ISSCC	25	314.7734909	ISSCC	25	182.7919777	ISSCC		
56	150000000	VLSI	54.3	1	ISSCC	500000	2.359055784	ISSCC	500000	171.2897	ISSCC		
33.1	650000000	VLSI	73.3	1133.33	ISSCC	60000000	299.9170821	ISSCC	60000000	159.7461234	ISSCC		
50	100000000	VLSI	51.55	12.15	ISSCC	200000	39.36028313	ISSCC	200000	157.6893373	ISSCC		
40	500000000	VLSI	32.46	24	ISSCC	10000000000	699.7747437	ISSCC	10000000000	135.6495876	ISSCC		
60.3	15600	VLSI	50	220.83	ISSCC	3600000000	854.7207825	ISSCC	3600000000	143.5490538	ISSCC		
45.1	15600	VLSI	61	9560	ISSCC	2500000000	10427.08032	ISSCC	2500000000	138.1851211	ISSCC		
46.9	550000	VLSI	39.3	2.55	ISSCC	1200000000	33.83398334	ISSCC	1200000000	152.2242982	ISSCC		
44.5	20000000	VLSI	51.2	12	ISSCC	900000000	40.45152537	ISSCC	900000000	157.3978876	ISSCC		
30	105000000	VLSI	71.3	388.75	ISSCC	80000000	129.5161444	ISSCC	80000000	162.392996	ISSCC		
38.9	500000000	VLSI	69.7	11	ISSCC	32000	4.406098104	ISSCC	32000	176.2757732	ISSCC		
59.1	8000000	VLSI	55.63	0.42	ISSCC	200000	0.850121254	ISSCC	200000	176.3872071	ISSCC		
33.1	1500000000	VLSI	59.25	7.75	ISSCC	4000	10.33868358	ISSCC	4000	167.347683	ISSCC		
50	10000	VLSI	66	18.75	ISSCC	80000000	11.49955899	ISSCC	80000000	170.2596873	ISSCC		
52.4	500000000	VLSI	56.3	24.6	ISSCC	100000000	46.09601183	ISSCC	100000000	159.380349	ISSCC		
61.5	15000000	VLSI	73.1	450	ISSCC	48000000	121.858843	ISSCC	48000000	163.5575749	ISSCC		
48.2	1400000000	VLSI	33	7.41	ISSCC	90000000000	203.1082975	ISSCC	90000000000	141.2908668	ISSCC		
42.8	500000000	VLSI	30.7	3.48	ISSCC	20000000000	124.1110959	ISSCC	20000000000	142.280152	ISSCC		
43.3	375000000	VLSI	33.75	3.2	ISSCC	10000000000	80.4434305	ISSCC	10000000000	145.6882003	ISSCC		
52.9	250000000	VLSI	51.4	18.9	ISSCC	1000000000	62.26076671	ISSCC	1000000000	155.625082	ISSCC		
56.3	50000	VLSI	48	57.41	ISSCC	1620000000	279.7290275	ISSCC	1620000000	147.4000207	ISSCC		
70	10000000	VLSI	37.4	12.45	ISSCC	2200000000	205.6602217	ISSCC	2200000000	143.4364212	ISSCC		
70.7	5000000	VLSI	74.4	1250	ISSCC	4000000	291.439271	ISSCC	4000000	160.4205999	ISSCC		
67	15000000	VLSI	72.6	2570.31	ISSCC	91428571.43	737.2808539	ISSCC	91428571.43	155.4898408	ISSCC		
70	37500000	VLSI	68	1200	ISSCC	1000000000	584.589747	ISSCC	1000000000	154.1978876	ISSCC		
75.1	30000000	VLSI	30.29	7.9	ISSCC	10000000000	295.6275552	ISSCC	10000000000	138.3082291	ISSCC		
69	25000000	VLSI	100.6	2525000	ISSCC	200	28824.97209	ISSCC	200	153.5670862	ISSCC		
66	15000000	VLSI	74.6	780	ISSCC	100000000	177.7181015	ISSCC	100000000	162.668754	ISSCC		
58.5	2000	VLSI	90.4	1022.73	ISSCC	4400000	37.78489099	ISSCC	4400000	177.2921017	ISSCC		
73.9	5000000	VLSI	56.54	1.33	ISSCC	80000	2.414587332	ISSCC	80000	172.3095413	ISSCC		
50	2700000000	VLSI	65.7	198.8	ISSCC	250000000	126.2111687	ISSCC	250000000	159.7055362	ISSCC		
75.9	10000000	VLSI	74.4	1557.14	ISSCC	35000000	363.0500634	ISSCC	35000000	159.4664155	ISSCC		
65.2	20000000	VLSI	64	1100	ISSCC	500000000	849.3419284	ISSCC	500000000	150.5757732	ISSCC		
57.6	100000000	VLSI	57.3	0.88	ISSCC	100000	1.469622982	ISSCC	100000	174.8448733	ISSCC		
52.2	400000000	VLSI	70.9	20	ISSCC	50000000	6.977269433	ISSCC	50000000	174.8794001	ISSCC		
37	3810000000	VLSI	64.1	7.19	ISSCC	6400000	5.486144447	ISSCC	6400000	172.5239215	ISSCC		
30.9	2500000000	VLSI	57.14	95.5	ISSCC	800000000	162.3780836	ISSCC	800000000	154.3336663	ISSCC		
44.2	12300000	VLSI	56.1	10.81	ISSCC	1600000000	20.73267607	ISSCC	1600000000	162.7504388	ISSCC		
55	205000000	VLSI	30.76	1.1	ISSCC	5000000000	39.01648919	ISSCC	5000000000	147.3357732	ISSCC		
27	5000000000	VLSI	46.1	30	ISSCC	5000000000	181.9283259	ISSCC	5000000000	148.3184875	ISSCC		
98.6	1000	VLSI	51.2	9.06	ISSCC	1700000000	30.53693582	ISSCC	1700000000	158.618982	ISSCC		
53.7	125000	VLSI	36.98	20	ISSCC	16000000000	346.74046	ISSCC	16000000000	140.9564001	ISSCC		
72	15000000	VLSI	75.3	274.44	ISSCC	90000000	57.68833684	ISSCC	90000000	167.9051556	ISSCC		
37.4	410000000	VLSI	77	828	ISSCC	50000000	143.1052085	ISSCC	50000000	164.8093967	ISSCC		
64	2000000	VLSI	72.2	78.5	ISSCC	20000000	23.57863598	ISSCC	20000000	170.2410035	ISSCC		
67.5	15000000	VLSI	98.5	5833.33	ISSCC	48000	84.80759951	ISSCC	48000	177.8305321	ISSCC		
90	600000	VLSI	64.8	1080	ISSCC	700000000	760.5182638	ISSCC	700000000	151.4554625	ISSCC		
67.2	2000000	VLSI	65.33	125	ISSCC	320000000	82.81199835	ISSCC	320000000	161.3505999	ISSCC		
65	100000000	VLSI	98.3	41250	ISSCC	40000	613.6813514	ISSCC	40000	169.1354605	ISSCC		
60.1	100000000	VLSI	116	6350000	ISSCC	2000	12308.48229	ISSCC	2000	164.9619628	ISSCC		
67.1	50000000	VLSI	101	7850	ISSCC	2000	85.58057039	ISSCC	2000	179.0410035	ISSCC		
65.3	80000000	VLSI	34.6	1.26	ISSCC	1000000000	28.72148656	ISSCC	1000000000	150.5859946	ISSCC		
46.9	50000	VLSI	64.43	3.5	ISSCC	100000000	2.57191008	ISSCC	100000000	175.9790196	ISSCC		
68.1	35000000	VLSI	55.5	550	ISSCC	4000000000	1130.042874	ISSCC	4000000000	145.0860731	ISSCC		
58	6250000	VLSI	56	75	ISSCC	4000000000	145.4758835	ISSCC	4000000000	154.2390874	ISSCC		
68	100000000	VLSI	50.6	7.08	ISSCC	2600000000	25.56237028	ISSCC	2600000000	159.0912553	ISSCC		
29.7	12500000000	VLSI	58	44.17	ISSCC	600000000	68.04784847	ISSCC	600000000	158.5387538	ISSCC		
40	40000000	VLSI	74	17500	ISSCC	400	4272.460938	ISSCC	400	148.5593196	ISSCC		
25.2	23000000000	VLSI	57.3	128.25	ISSCC	4000000000	214.1808493	ISSCC	4000000000	153.2091263	ISSCC		
64.9	75000000	VLSI	66	1165	ISSCC	2000000000	714.505932	ISSCC	2000000000	152.3264408	ISSCC		
71.5	50000000	VLSI	40.05	2.08	ISSCC	2400000000	25.35525463	ISSCC	2400000000	153.8521124	ISSCC		
75.3	10000000	VLSI	49	37.5	ISSCC	8000000000	162.8530462	ISSCC	8000000000	150.2493874	ISSCC		
67.7	39000000	VLSI	55	290	ISSCC	10000000000	631.1501949	ISSCC	10000000000	147.3657201	ISSCC		
66.9	40000000	VLSI	48.3	2.7	ISSCC	1000	12.70959966	ISSCC	1000	160.9760624	ISSCC		
69.1	2000000	VLSI	58.9	332.5	ISSCC	20000000	461.8563722	ISSCC	20000000	150.6717835	ISSCC		
80.5	5000000	VLSI	79.7	46	ISSCC	10000000	5.825986615	ISSCC	10000000	180.0621217	ISSCC		
85	24000	VLSI	80.4	380	ISSCC	30000000	44.4008986	ISSCC	30000000	171.5918641	ISSCC		
98	2000	VLSI	71.9	216	ISSCC	250000000	67.1590071	ISSCC	250000000	165.5451625	ISSCC		
96.8	1000	VLSI	63.5	18.88	ISSCC	330000000	15.44068193	ISSCC	330000000	167.729959	ISSCC		
74.3	1000000	VLSI	50.1	4.61	ISSCC	1500000000	17.65118933	ISSCC	1500000000	160.4495517	ISSCC		
67.6	19900000	VLSI	70.8	332	ISSCC	75000000	117.1639704	ISSCC	75000000	162.5783192	ISSCC		
31.5	14000000000	VLSI	61.1	11.88	ISSCC	160000000	12.80377244	ISSCC	160000000	167.3433639	ISSCC		
75	500	VLSI	37.58	14.84	ISSCC	64000000000	240.1127143	ISSCC	64000000000	142.8532637	ISSCC		
69.1	100000	VLSI	37.7	5	ISSCC	200000000	79.76106188	ISSCC	200000000	147.7	ISSCC		
65	1000000000	VLSI	79.8	643	ISSCC	100000000	80.50486489	ISSCC	100000000	168.7075903	ISSCC		
60.8	400000000	VLSI	93.5	450	ISSCC	10000	11.63470574	ISSCC	10000	183.9575749	ISSCC		
74.1	10000	VLSI	79	67.2	ISSCC	1250000	9.225383136	ISSCC	1250000	177.7160073	ISSCC		
58.7	300000	VLSI	86.6	5500	ISSCC	200000	314.7313176	ISSCC	200000	166.1860731	ISSCC		
29.4	5000000000	VLSI	118.1	139050	ISSCC	2000	211.6368601	ISSCC	2000	183.6579901	ISSCC		
29	12000000000	VLSI	73.57	2.36	ISSCC	270000	0.606176519	ISSCC	270000	186.8251309	ISSCC		
50.3	700000000	VLSI	101.5	19700	ISSCC	1000000	202.7539178	ISSCC	1000000	175.5450378	ISSCC		
58	2000000000	VLSI	60	30	ISSCC	6000	36.71394594	ISSCC	6000	162.2184875	ISSCC		
74.4	10000000	VLSI	50.3	5	ISSCC	10000	18.6951152	ISSCC	10000	160.3	ISSCC		
68.6	6000000	VLSI	34.2	3.26	ISSCC	72000000000	77.90650614	ISSCC	72000000000	146.0523464	ISSCC		
64	100000000	VLSI	60.8	220	ISSCC	20000	245.5435351	ISSCC	20000	154.3654732	ISSCC		
88.5	5000	VLSI	66.17	800	ISSCC	1000	480.9157865	ISSCC	1000	154.1328002	ISSCC		
64	150000000	VLSI	61.7	19.16	ISSCC	3200000000	19.27577441	ISSCC	3200000000	165.8665951	ISSCC		
56.6	251000000	VLSI	60	7.6	ISSCC	1000000000	9.298724735	ISSCC	1000000000	168.1835641	ISSCC		
56.3	293000000	VLSI	58.5	31.72	ISSCC	5000000000	46.13711796	ISSCC	5000000000	160.4763683	ISSCC		
73.2	5900000	VLSI	71.7	12.6	ISSCC	2000000	4.008870777	ISSCC	2000000	177.6859946	ISSCC		
69.1	20000000	VLSI	71	4.1	ISSCC	20000000	1.413965642	ISSCC	20000000	181.8618615	ISSCC		
80	262000	VLSI	60.2	10	ISSCC	600000000	11.95938406	ISSCC	600000000	167.1897	ISSCC		
69.1	100000	VLSI	88	653.33	ISSCC	15000000	31.82036165	ISSCC	15000000	176.8383519	ISSCC		
84.8	20000	VLSI	32	1.78	ISSCC	30000000000	54.83803083	ISSCC	30000000000	146.4773748	ISSCC		
60.5	146000000	VLSI	56.85	61.5	ISSCC	20000000	108.1684535	ISSCC	20000000	155.9509489	ISSCC		
50.1	1000000000	VLSI	45.2	4.54	ISSCC	5000000000	30.53791667	ISSCC	5000000000	155.6191415	ISSCC		
100	100000	VLSI	66.6	15.63	ISSCC	80000000	8.943282507	ISSCC	80000000	171.6514998	ISSCC		
78	100000	VLSI	70.4	130	ISSCC	100000000	48.03981673	ISSCC	100000000	166.2502665	ISSCC		
40.7	1000000000	VLSI	74	76	ISSCC	50000000	18.5546875	ISSCC	50000000	172.1815641	ISSCC		
66.6	500000	VLSI	76.6	292	ISSCC	100000000	52.84573572	ISSCC	100000000	168.9358715	ISSCC		
54.6	10000	VLSI	64.9	45.81	ISSCC	160000000	31.8910917	ISSCC	160000000	165.2798601	ISSCC		
45	475000000	VLSI	72.6	81.5	ISSCC	200000000	23.3778537	ISSCC	200000000	170.478124	ISSCC		
45	550000000	VLSI	78.82	3000	ISSCC	300	420.6659015	ISSCC	300	161.0344875	ISSCC		
57	2500000000	VLSI	39.3	6.9	ISSCC	200000000	91.55077844	ISSCC	200000000	147.9012091	ISSCC		
94.1	24000	VLSI	101.9	252750	ISSCC	4000	2484.232275	ISSCC	4000	164.8627884	ISSCC		
70.4	12500000	VLSI	99.4	2791.67	ISSCC	48000	36.59123378	ISSCC	48000	181.9310644	ISSCC		
77.1	12500000	VLSI	90.5	842.5	ISSCC	80000	30.7700178	ISSCC	80000	178.2340009	ISSCC		
96.6	625000	VLSI	87.6	600	ISSCC	200000	30.60014878	ISSCC	200000	176.8081875	ISSCC		
100.8	20000	VLSI	83.8	85.6	ISSCC	1250000	6.7618415	ISSCC	1250000	181.4649624	ISSCC		
91.3	10000	VLSI	75.2	32	ISSCC	80000000	6.804309367	ISSCC	80000000	177.1382003	ISSCC		
37.8	39800000000	VLSI	67.5	633.33	ISSCC	30000000	326.8171103	ISSCC	30000000	156.4733766	ISSCC		
75.8	12500000	VLSI	91	136054.42	ISSCC	44100	4691.02781	ISSCC	44100	156.6525734	ISSCC		
103	250	VLSI	48	72.22	ISSCC	18000000000	351.9171636	ISSCC	18000000000	146.4029916	ISSCC		
62.1	100000000	VLSI	40.1	5.08	ISSCC	10000000000	61.4713395	ISSCC	10000000000	150.0310629	ISSCC		
56.4	100000	VLSI	34.16	1.67	ISSCC	3300000000	39.96568961	ISSCC	3300000000	148.9312125	ISSCC		
48.5	2500000000	VLSI	71.7	7	ISSCC	100000000	2.227150432	ISSCC	100000000	180.2387196	ISSCC		
49.8	5000000	VLSI	69	14.78	ISSCC	40000000	6.414937876	ISSCC	40000000	174.2944251	ISSCC		
106.4	20000	VLSI	58	175	ISSCC	1600000000	269.6235505	ISSCC	1600000000	152.5593196	ISSCC		
103.5	250000	VLSI	76.2	218.75	ISSCC	80000000	41.45502218	ISSCC	80000000	169.7902194	ISSCC		
71.4	30000000	VLSI	80.4	325	ISSCC	20000	37.97445275	ISSCC	20000	172.2708664	ISSCC		
77.5	40000000	VLSI	54.13	32.69	ISSCC	25000	78.6	ISSCC	25000	155.979865	ISSCC		
29.4	13500000000	VLSI	35.1	3.11	ISSCC 2021	1E+11	67	ISSCC 2021	1E+11	147.1572908	ISSCC 2021		
59.5	500000000	VLSI	100.6	2416.67	ISSCC 2021	48000	27.58825712	ISSCC 2021	48000	183.7575325	ISSCC 2021		
56.3	49000000	VLSI	100.9	2895.83	ISSCC 2021	48000	31.93593099	ISSCC 2021	48000	183.2719644	ISSCC 2021		
45.5	500000000	VLSI	67.5	67	ISSCC 2021	200000000	34.57381009	ISSCC 2021	200000000	166.228952	ISSCC 2021		
106.5	1000	VLSI	80.9	148	ISSCC 2021	25000000	16.32553367	ISSCC 2021	25000000	176.1870829	ISSCC 2021		
86.1	1000000	VLSI	55.3	21.67	ISSCC 2021	600000000	45.55387543	ISSCC 2021	600000000	158.931779	ISSCC 2021		
74.4	6000000	VLSI	33.4	0.78	ISSCC 2021	900000000	20.35625483	ISSCC 2021	900000000	151.4811447	ISSCC 2021		
63.6	60000000	VLSI	93.3	680	ISSCC 2021	500000	17.99089626	ISSCC 2021	500000	181.9646109	ISSCC 2021		
59.6	4000000	VLSI	86.66	78	ISSCC 2021	6000	4.432733013	ISSCC 2021	6000	184.728754	ISSCC 2021		
32.5	1000000000	VLSI	84.8	95.2	ISSCC 2021	1250000	6.702289572	ISSCC 2021	1250000	182.0033306	ISSCC 2021		
83	40000	VLSI 2021	75.7	20.53	ISSCC 2021	40000000	4.120166316	ISSCC 2021	40000000	179.5668684	ISSCC 2021		
71.5	200000	VLSI 2021	66.32	16	ISSCC 2021	160000000	9.457978046	ISSCC 2021	160000000	171.2685002	ISSCC 2021		
37	1510000000	VLSI 2021	75	25.2	ISSCC 2021	50000000	5.483219229	ISSCC 2021	50000000	177.9756946	ISSCC 2021		
62.3	249000000	VLSI 2021	78.8	720	ISSCC 2021	7000000	101.1459812	ISSCC 2021	7000000	167.2163751	ISSCC 2021		
38.8	10000000000	VLSI 2021	94.2	1680	ISSCC 2021	1000	40.07270727	ISSCC 2021	1000	178.9366072	ISSCC 2021		
42.4	4000000000	VLSI 2021	92.3	2900	ISSCC 2021	2000	86.0888422	ISSCC 2021	2000	174.6657201	ISSCC 2021		
59.3	500000000	VLSI 2021	57.5	747	ISSCC 2021	20000	1219.109928	ISSCC 2021	20000	145.756494	ISSCC 2021		
57.7	158	VLSI 2021	49.92	7	ISSCC 2021	20000	27.34375	ISSCC 2021	20000	158.4587196	ISSCC 2021		
56.54	1.00E+05	ISSCC											
64	2.50E+07	ISSCC											
53.53	2.50E+07	ISSCC											
58.4	6.40E+07	ISSCC											
84.9	2.50E+06	ISSCC											
89	1.25E+06	ISSCC											
81	1.00E+03	ISSCC											
75	2.00E+05	ISSCC											
44.1	6.26E+07	ISSCC											
62	2.00E+05	ISSCC											
110	4.80E+04	ISSCC											
96	2.00E+04	ISSCC											
75	1.00E+05	ISSCC											
62	1.60E+04	ISSCC											
65.4	1.00E+07	ISSCC											
55	2.00E+07	ISSCC											
58	2.00E+07	ISSCC											
67	5.00E+06	ISSCC											
43.3	3.75E+07	ISSCC											
31	1.75E+08	ISSCC											
29.2	2.00E+08	ISSCC											
88	2.00E+04	ISSCC											
84	1.00E+05	ISSCC											
71	9.00E+06	ISSCC											
63.5	2.00E+05	ISSCC											
66	4.00E+04	ISSCC											
71	6.25E+04	ISSCC											
48.72	1.25E+07	ISSCC											
54.13	2.00E+07	ISSCC											
58.7	1.00E+07	ISSCC											
34.87	2.50E+08	ISSCC											
27.5	1.00E+08	ISSCC											
75	5.00E+07	ISSCC											
66	2.00E+07	ISSCC											
70	3.25E+07	ISSCC											
64	2.50E+07	ISSCC											
44.3	4.00E+07	ISSCC											
73.1	1.00E+07	ISSCC											
89	1.25E+06	ISSCC											
84	1.25E+06	ISSCC											
77	2.00E+05	ISSCC											
70	2.00E+06	ISSCC											
51	5.00E+06	ISSCC											
84	1.89E+05	ISSCC											
87	2.00E+06	ISSCC											
35	6.50E+08	ISSCC											
35.77	5.50E+08	ISSCC											
57.12	5.00E+07	ISSCC											
67	2.70E+07	ISSCC											
72.8	3.75E+07	ISSCC											
74	2.00E+07	ISSCC											
39.08	1.00E+09	ISSCC											
31.86	6.60E+08	ISSCC											
36	2.25E+08	ISSCC											
56.8	1.00E+06	ISSCC											
54	1.50E+07	ISSCC											
55	1.00E+07	ISSCC											
56.2	1.00E+06	ISSCC											
81	3.30E+05	ISSCC											
48	3.84E+06	ISSCC											
82	2.00E+06	ISSCC											
70	2.00E+06	ISSCC											
88	9.62E+05	ISSCC											
49	2.00E+06	ISSCC											
33	1.10E+07	ISSCC											
67	8.00E+03	ISSCC											
68.2	1.00E+04	ISSCC											
70	2.50E+07	ISSCC											
79	1.00E+06	ISSCC											
68	8.00E+03	ISSCC											
45.2	2.00E+06	ISSCC											
105	2.00E+04	ISSCC											
64	1.92E+06	ISSCC											
83	1.23E+06	ISSCC											
83	1.10E+06	ISSCC											
75.5	1.00E+06	ISSCC											
50	2.00E+07	ISSCC											
29.45	6.00E+09	ISSCC											
30	1.00E+09	ISSCC											
58.23	4.00E+07	ISSCC											
52	7.50E+07	ISSCC											
67	3.75E+07	ISSCC											
72.8	3.50E+07	ISSCC											
79	1.20E+07	ISSCC											
63	1.00E+07	ISSCC											
72	1.25E+07	ISSCC											
77.01	1.10E+06	ISSCC											
50.9	1.92E+06	ISSCC											
81	2.00E+04	ISSCC											
76	1.10E+06	ISSCC											
72	2.50E+06	ISSCC											
65	1.00E+06	ISSCC											
45.8	8.00E+08	ISSCC											
46.91	3.00E+08	ISSCC											
51	1.10E+08	ISSCC											
45.4	7.50E+07	ISSCC											
47.51	6.25E+07	ISSCC											
20	1.30E+10	ISSCC											
31	3.00E+08	ISSCC											
72	2.00E+07	ISSCC											
74	1.00E+07	ISSCC											
75	2.50E+07	ISSCC											
73.6	5.00E+06	ISSCC											
72.6	4.00E+07	ISSCC											
55.94	4.00E+07	ISSCC											
61	1.50E+07	ISSCC											
81	2.40E+04	ISSCC											
51	2.00E+06	ISSCC											
63	1.94E+06	ISSCC											
100	1.00E+06	ISSCC											
73.5	1.00E+07	ISSCC											
97	2.00E+04	ISSCC											
102	2.00E+04	ISSCC											
52.6	6.00E+06	ISSCC											
55	2.50E+07	ISSCC											
53.7	6.25E+07	ISSCC											
47.3	1.00E+08	ISSCC											
71	2.00E+06	ISSCC											
63	4.28E+05	ISSCC											
86	6.00E+05	ISSCC											
74	6.00E+05	ISSCC											
70	1.00E+06	ISSCC											
68.8	2.30E+07	ISSCC											
74	2.00E+07	ISSCC											
76	8.50E+06	ISSCC											
90	2.00E+05	ISSCC											
78	2.20E+06	ISSCC											
76	1.10E+06	ISSCC											
74	2.50E+04	ISSCC											
80	1.00E+04	ISSCC											
76.3	3.20E+06	ISSCC											
57.75	3.20E+07	ISSCC											
54.6	2.50E+07	ISSCC											
62.56	2.00E+07	ISSCC											
54	4.00E+06	ISSCC											
65	5.00E+04	ISSCC											
66	5.00E+07	ISSCC											
57.2	2.50E+07	ISSCC											
67	2.00E+07	ISSCC											
23.8	6.25E+08	ISSCC											
33.8	5.00E+08	ISSCC											
22	2.00E+09	ISSCC											
20	1.10E+10	ISSCC											
33	3.00E+08	ISSCC											
52	5.00E+08	ISSCC											
69	2.00E+07	ISSCC											
63	1.00E+07	ISSCC											
82	2.00E+05	ISSCC											
82	6.14E+05	ISSCC											
46.31	1.00E+07	ISSCC											
83	9.60E+05	ISSCC											
51.4	4.00E+07	ISSCC											
56.54	8.00E+07	ISSCC											
57	1.50E+07	ISSCC											
55	1.03E+08	ISSCC											
40.29	1.00E+08	ISSCC											
54	1.03E+08	ISSCC											
54	4.00E+08	ISSCC											
53.3	2.00E+07	ISSCC											
28.4	1.25E+08	ISSCC											
40	7.50E+07	ISSCC											
54.4	5.00E+05	ISSCC											
58	5.00E+04	ISSCC											
72.2	5.00E+07	ISSCC											
59	5.00E+07	ISSCC											
27.55	8.75E+08	ISSCC											
81	2.00E+04	ISSCC											
77	2.00E+05	ISSCC											
81	2.50E+06	ISSCC											
64	2.00E+07	ISSCC											
82	1.00E+07	ISSCC											
81	8.00E+06	ISSCC											
76.5	2.00E+04	ISSCC											
64.7	1.00E+07	ISSCC											
32	4.50E+08	ISSCC											
22.83	1.20E+10	ISSCC											
59.9	6.00E+07	ISSCC											
38.4	1.50E+08	ISSCC											
32	2.00E+05	ISSCC											
34	1.10E+09	ISSCC											
56.5	4.98E+08	ISSCC											
27	4.00E+08	ISSCC											
43	3.00E+08	ISSCC											
53	2.33E+08	ISSCC											
77	6.25E+07	ISSCC											
68.8	5.00E+07	ISSCC											
58.2	2.50E+07	ISSCC											
62	2.50E+07	ISSCC											
49.4	3.00E+05	ISSCC											
78.1	2.00E+07	ISSCC											
79.07	2.00E+06	ISSCC											
60	2.00E+07	ISSCC											
65	2.00E+06	ISSCC											
31.6	5.00E+09	ISSCC											
77.5	1.25E+08	ISSCC											
75.2	8.00E+07	ISSCC											
31.1	1.10E+09	ISSCC											
77.8	4.50E+06	ISSCC											
53.9	5.00E+07	ISSCC											
69.5	5.00E+06	ISSCC											
80	6.25E+06	ISSCC											
67.09	2.25E+07	ISSCC											
52.5	2.00E+07	ISSCC											
56.6	2.50E+07	ISSCC											
56	5.00E+07	ISSCC											
48.4	5.12E+06	ISSCC											
25.24	1.80E+10	ISSCC											
48.5	1.30E+09	ISSCC											
59	5.00E+08	ISSCC											
59	4.00E+08	ISSCC											
75	4.00E+07	ISSCC											
40.4	2.00E+08	ISSCC											
55	1.00E+04	ISSCC											
65	1.25E+08	ISSCC											
63.5	2.50E+07	ISSCC											
78.2	1.04E+06	ISSCC											
61	1.00E+04	ISSCC											
84	5.00E+04	ISSCC											
70	2.00E+07	ISSCC											
58	2.40E+07	ISSCC											
74	1.50E+08	ISSCC											
78	4.00E+06	ISSCC											
67.5	2.50E+07	ISSCC											
70.9	3.60E+07	ISSCC											
60.6	6.00E+07	ISSCC											
25.84	1.00E+10	ISSCC											
76.8	1.00E+07	ISSCC											
57	1.00E+08	ISSCC											
56	1.25E+08	ISSCC											
61.96	1.10E+07	ISSCC											
54.2	4.00E+07	ISSCC											
58.35	2.00E+06	ISSCC											
70.4	1.50E+07	ISSCC											
29.2	5.00E+09	ISSCC											
73.6	1.80E+07	ISSCC											
62.56	2.00E+04	ISSCC											
69.1	2.50E+07	ISSCC											
81.89	6.67E+02	ISSCC											
119.82	1.25E+01	ISSCC											
54.3	2.50E+05	ISSCC											
73.3	3.00E+07	ISSCC											
51.55	1.00E+05	ISSCC											
32.46	5.00E+09	ISSCC											
50	1.80E+09	ISSCC											
61	1.00E+09	ISSCC											
39.3	6.00E+08	ISSCC											
51.2	4.50E+08	ISSCC											
71.3	4.00E+07	ISSCC											
69.7	1.60E+04	ISSCC											
55.63	1.00E+05	ISSCC											
59.25	2.00E+03	ISSCC											
66	4.00E+07	ISSCC											
56.3	5.00E+07	ISSCC											
73.1	2.50E+07	ISSCC											
33	1.99E+10	ISSCC											
30.7	1.00E+10	ISSCC											
33.75	4.80E+09	ISSCC											
51.4	5.00E+08	ISSCC											
48	7.50E+08	ISSCC											
37.4	1.10E+09	ISSCC											
74.4	2.00E+06	ISSCC											
72.6	4.57E+07	ISSCC											
68	5.00E+08	ISSCC											
30.29	5.00E+09	ISSCC											
100.6	1.00E+02	ISSCC											
74.6	5.00E+07	ISSCC											
90.4	2.20E+06	ISSCC											
56.54	4.00E+04	ISSCC											
65.7	1.25E+08	ISSCC											
74.4	1.74E+07	ISSCC											
64	2.50E+08	ISSCC											
57.3	5.00E+04	ISSCC											
70.9	2.50E+07	ISSCC											
64.1	3.20E+06	ISSCC											
57.14	4.00E+08	ISSCC											
56.1	7.90E+08	ISSCC											
30.76	2.50E+09	ISSCC											
46.1	2.35E+09	ISSCC											
51.2	8.80E+08	ISSCC											
36.98	8.00E+09	ISSCC											
75.3	5.00E+06	ISSCC											
77	2.50E+06	ISSCC											
72.2	1.00E+06	ISSCC											
98.5	6.00E+03	ISSCC											
64.8	7.00E+07	ISSCC											
65.33	3.00E+07	ISSCC											
98.3	1.00E+03	ISSCC											
116	1.10E+02	ISSCC											
101	1.00E+03	ISSCC											
34.6	5.00E+08	ISSCC											
64.43	5.00E+07	ISSCC											
55.5	1.82E+08	ISSCC											
56	1.90E+09	ISSCC											
50.6	1.30E+09	ISSCC											
58	2.65E+08	ISSCC											
74	2.03E+02	ISSCC											
57.3	1.90E+09	ISSCC											
66	1.00E+09	ISSCC											
40.05	1.20E+09	ISSCC											
49	3.82E+09	ISSCC											
55	4.00E+09	ISSCC											
48.3	5.00E+02	ISSCC											
58.9	2.00E+06	ISSCC											
79.7	5.00E+06	ISSCC											
80.4	1.50E+07	ISSCC											
71.9	4.00E+07	ISSCC											
63.5	1.65E+08	ISSCC											
50.1	7.50E+08	ISSCC											
70.8	3.75E+07	ISSCC											
61.1	8.00E+07	ISSCC											
37.58	8.00E+09	ISSCC											
37.7	1.00E+08	ISSCC											
79.8	5.00E+07	ISSCC											
93.5	1.00E+03	ISSCC											
79	6.25E+05	ISSCC											
86.6	1.00E+05	ISSCC											
118.1	1.00E+03	ISSCC											
73.57	1.35E+05	ISSCC											
101.5	1.00E+03	ISSCC											
60	3.00E+03	ISSCC											
50.3	5.00E+03	ISSCC											
34.2	2.00E+10	ISSCC											
60.8	7.00E+03	ISSCC											
66.17	5.00E+02	ISSCC											
61.7	1.60E+09	ISSCC											
60	5.00E+08	ISSCC											
58.5	2.40E+09	ISSCC											
71.7	1.00E+06	ISSCC											
71	1.00E+07	ISSCC											
60.2	3.00E+08	ISSCC											
88	4.00E+06	ISSCC											
32	1.40E+10	ISSCC											
56.85	5.00E+06	ISSCC											
45.2	2.50E+09	ISSCC											
66.6	9.96E+00	ISSCC											
70.4	6.00E+06	ISSCC											
74	7.00E+06	ISSCC											
76.6	6.00E+06	ISSCC											
64.9	1.00E+07	ISSCC											
72.6	1.80E+07	ISSCC											
78.82	1.50E+02	ISSCC											
39.3	1.00E+07	ISSCC											
101.9	2.00E+03	ISSCC											
99.4	1.20E+04	ISSCC											
90.5	4.00E+04	ISSCC											
87.6	1.00E+05	ISSCC											
83.8	6.25E+05	ISSCC											
75.2	2.00E+06	ISSCC											
67.5	1.68E+05	ISSCC											
91	2.21E+01	ISSCC											
48	8.00E+08	ISSCC											
40.1	5.00E+09	ISSCC											
34.16	1.65E+09	ISSCC											
71.7	5.00E+07	ISSCC											
69	1.91E+07	ISSCC											
58	8.00E+08	ISSCC											
76.2	4.00E+07	ISSCC											
80.4	1.00E+04	ISSCC											
54.13	3.30E+01	ISSCC											
35.1	1.94E+10	ISSCC 2021											
100.6	2.40E+04	ISSCC 2021											
100.9	2.40E+04	ISSCC 2021											
67.5	1.00E+07	ISSCC 2021											
80.9	3.00E+06	ISSCC 2021											
55.3	3.00E+08	ISSCC 2021											
33.4	4.50E+08	ISSCC 2021											
93.3	5.00E-02	ISSCC 2021											
86.66	3.00E+03	ISSCC 2021											
84.8	1.00E+05	ISSCC 2021											
75.7	1.80E+07	ISSCC 2021											
66.32	1.20E+07	ISSCC 2021											
75	2.00E+06	ISSCC 2021											
78.8	5.56E+07	ISSCC 2021											
94.2	5.00E+02	ISSCC 2021											
92.3	5.00E+02	ISSCC 2021											
57.5	1.00E+03	ISSCC 2021											
49.92	5.00E+03	ISSCC 2021											
